"filename", "language", "Java", "SQLite", "comment", "blank", "total"
"/media/Windows/Projects/facul-temp/PragJava/prag/src/main/java/com/antiprag/prag/Controller/AuditLogController.java", "Java", 26, 0, 0, 5, 31
"/media/Windows/Projects/facul-temp/PragJava/prag/src/main/java/com/antiprag/prag/Controller/CustomerController.java", "Java", 47, 0, 1, 10, 58
"/media/Windows/Projects/facul-temp/PragJava/prag/src/main/java/com/antiprag/prag/Controller/HistoryController.java", "Java", 44, 0, 0, 10, 54
"/media/Windows/Projects/facul-temp/PragJava/prag/src/main/java/com/antiprag/prag/Controller/PlaguesController.java", "Java", 44, 0, 0, 10, 54
"/media/Windows/Projects/facul-temp/PragJava/prag/src/main/java/com/antiprag/prag/Controller/PrivilegeController.java", "Java", 0, 0, 52, 0, 52
"/media/Windows/Projects/facul-temp/PragJava/prag/src/main/java/com/antiprag/prag/Controller/PropertiesController.java", "Java", 47, 0, 0, 11, 58
"/media/Windows/Projects/facul-temp/PragJava/prag/src/main/java/com/antiprag/prag/Controller/RolesController.java", "Java", 44, 0, 0, 8, 52
"/media/Windows/Projects/facul-temp/PragJava/prag/src/main/java/com/antiprag/prag/Controller/SchedulesController.java", "Java", 47, 0, 0, 10, 57
"/media/Windows/Projects/facul-temp/PragJava/prag/src/main/java/com/antiprag/prag/Controller/ServicesController.java", "Java", 44, 0, 0, 10, 54
"/media/Windows/Projects/facul-temp/PragJava/prag/src/main/java/com/antiprag/prag/Controller/StatusController.java", "Java", 44, 0, 0, 10, 54
"/media/Windows/Projects/facul-temp/PragJava/prag/src/main/java/com/antiprag/prag/Controller/UsersController.java", "Java", 72, 0, 0, 19, 91
"/media/Windows/Projects/facul-temp/PragJava/prag/src/main/java/com/antiprag/prag/DTO/CustomerInDTO.java", "Java", 26, 0, 0, 8, 34
"/media/Windows/Projects/facul-temp/PragJava/prag/src/main/java/com/antiprag/prag/DTO/CustomerOutDTO.java", "Java", 10, 0, 0, 3, 13
"/media/Windows/Projects/facul-temp/PragJava/prag/src/main/java/com/antiprag/prag/DTO/PropertiesInDTO.java", "Java", 20, 0, 0, 3, 23
"/media/Windows/Projects/facul-temp/PragJava/prag/src/main/java/com/antiprag/prag/DTO/PropertiesOutDTO.java", "Java", 21, 0, 0, 3, 24
"/media/Windows/Projects/facul-temp/PragJava/prag/src/main/java/com/antiprag/prag/DTO/SchedulesInDTO.java", "Java", 14, 0, 0, 2, 16
"/media/Windows/Projects/facul-temp/PragJava/prag/src/main/java/com/antiprag/prag/DTO/SchedulesOutDTO.java", "Java", 15, 0, 0, 4, 19
"/media/Windows/Projects/facul-temp/PragJava/prag/src/main/java/com/antiprag/prag/DTO/TokensDTO.java", "Java", 5, 0, 0, 2, 7
"/media/Windows/Projects/facul-temp/PragJava/prag/src/main/java/com/antiprag/prag/DTO/UsersInDTO.java", "Java", 8, 0, 0, 3, 11
"/media/Windows/Projects/facul-temp/PragJava/prag/src/main/java/com/antiprag/prag/DTO/UsersOutDTO.java", "Java", 9, 0, 0, 3, 12
"/media/Windows/Projects/facul-temp/PragJava/prag/src/main/java/com/antiprag/prag/JWTFilter.java", "Java", 75, 0, 6, 17, 98
"/media/Windows/Projects/facul-temp/PragJava/prag/src/main/java/com/antiprag/prag/PragApplication.java", "Java", 42, 0, 0, 9, 51
"/media/Windows/Projects/facul-temp/PragJava/prag/src/main/java/com/antiprag/prag/SecurityConfig.java", "Java", 61, 0, 0, 11, 72
"/media/Windows/Projects/facul-temp/PragJava/prag/src/main/java/com/antiprag/prag/SetupDataLoader.java", "Java", 0, 0, 72, 1, 73
"/media/Windows/Projects/facul-temp/PragJava/prag/src/main/java/com/antiprag/prag/db.sql", "SQLite", 0, 184, 0, 19, 203
"/media/Windows/Projects/facul-temp/PragJava/prag/src/main/java/com/antiprag/prag/domain/AuditLog.java", "Java", 39, 0, 0, 9, 48
"/media/Windows/Projects/facul-temp/PragJava/prag/src/main/java/com/antiprag/prag/domain/Customer.java", "Java", 50, 0, 0, 8, 58
"/media/Windows/Projects/facul-temp/PragJava/prag/src/main/java/com/antiprag/prag/domain/History.java", "Java", 51, 0, 0, 8, 59
"/media/Windows/Projects/facul-temp/PragJava/prag/src/main/java/com/antiprag/prag/domain/Permission.java", "Java", 32, 0, 0, 9, 41
"/media/Windows/Projects/facul-temp/PragJava/prag/src/main/java/com/antiprag/prag/domain/Plagues.java", "Java", 31, 0, 0, 7, 38
"/media/Windows/Projects/facul-temp/PragJava/prag/src/main/java/com/antiprag/prag/domain/Privilege.java", "Java", 0, 0, 57, 1, 58
"/media/Windows/Projects/facul-temp/PragJava/prag/src/main/java/com/antiprag/prag/domain/Properties.java", "Java", 71, 0, 0, 8, 79
"/media/Windows/Projects/facul-temp/PragJava/prag/src/main/java/com/antiprag/prag/domain/RefreshToken.java", "Java", 41, 0, 0, 12, 53
"/media/Windows/Projects/facul-temp/PragJava/prag/src/main/java/com/antiprag/prag/domain/RefreshTokenRequest.java", "Java", 2, 0, 0, 2, 4
"/media/Windows/Projects/facul-temp/PragJava/prag/src/main/java/com/antiprag/prag/domain/Roles.java", "Java", 43, 0, 8, 9, 60
"/media/Windows/Projects/facul-temp/PragJava/prag/src/main/java/com/antiprag/prag/domain/Schedules.java", "Java", 61, 0, 0, 7, 68
"/media/Windows/Projects/facul-temp/PragJava/prag/src/main/java/com/antiprag/prag/domain/Services.java", "Java", 31, 0, 0, 6, 37
"/media/Windows/Projects/facul-temp/PragJava/prag/src/main/java/com/antiprag/prag/domain/Status.java", "Java", 31, 0, 0, 7, 38
"/media/Windows/Projects/facul-temp/PragJava/prag/src/main/java/com/antiprag/prag/domain/Users.java", "Java", 55, 0, 0, 8, 63
"/media/Windows/Projects/facul-temp/PragJava/prag/src/main/java/com/antiprag/prag/domain/UsuarioPrincipal.java", "Java", 43, 0, 0, 14, 57
"/media/Windows/Projects/facul-temp/PragJava/prag/src/main/java/com/antiprag/prag/handler/ErrorResponse.java", "Java", 7, 0, 0, 4, 11
"/media/Windows/Projects/facul-temp/PragJava/prag/src/main/java/com/antiprag/prag/handler/ValidationHandler.java", "Java", 24, 0, 1, 6, 31
"/media/Windows/Projects/facul-temp/PragJava/prag/src/main/java/com/antiprag/prag/mapper/CustomerMapper.java", "Java", 47, 0, 3, 10, 60
"/media/Windows/Projects/facul-temp/PragJava/prag/src/main/java/com/antiprag/prag/mapper/PropertiesMapper.java", "Java", 80, 0, 2, 13, 95
"/media/Windows/Projects/facul-temp/PragJava/prag/src/main/java/com/antiprag/prag/mapper/RefreshTokenMapper.java", "Java", 16, 0, 0, 9, 25
"/media/Windows/Projects/facul-temp/PragJava/prag/src/main/java/com/antiprag/prag/mapper/SchedulesMapper.java", "Java", 67, 0, 3, 14, 84
"/media/Windows/Projects/facul-temp/PragJava/prag/src/main/java/com/antiprag/prag/mapper/TokensMapper.java", "Java", 13, 0, 0, 6, 19
"/media/Windows/Projects/facul-temp/PragJava/prag/src/main/java/com/antiprag/prag/mapper/UserMapper.java", "Java", 39, 0, 2, 9, 50
"/media/Windows/Projects/facul-temp/PragJava/prag/src/main/java/com/antiprag/prag/repository/AuditLogRepository.java", "Java", 7, 0, 3, 3, 13
"/media/Windows/Projects/facul-temp/PragJava/prag/src/main/java/com/antiprag/prag/repository/CustomerRepository.java", "Java", 7, 0, 2, 4, 13
"/media/Windows/Projects/facul-temp/PragJava/prag/src/main/java/com/antiprag/prag/repository/HistoryRepository.java", "Java", 7, 0, 2, 4, 13
"/media/Windows/Projects/facul-temp/PragJava/prag/src/main/java/com/antiprag/prag/repository/PermissionRepository.java", "Java", 7, 0, 0, 3, 10
"/media/Windows/Projects/facul-temp/PragJava/prag/src/main/java/com/antiprag/prag/repository/PlaguesRepository.java", "Java", 7, 0, 2, 4, 13
"/media/Windows/Projects/facul-temp/PragJava/prag/src/main/java/com/antiprag/prag/repository/PrivilegeRepository.java", "Java", 0, 0, 11, 1, 12
"/media/Windows/Projects/facul-temp/PragJava/prag/src/main/java/com/antiprag/prag/repository/PropertiesRepository.java", "Java", 7, 0, 2, 4, 13
"/media/Windows/Projects/facul-temp/PragJava/prag/src/main/java/com/antiprag/prag/repository/RefreshTokenRepository.java", "Java", 10, 0, 0, 6, 16
"/media/Windows/Projects/facul-temp/PragJava/prag/src/main/java/com/antiprag/prag/repository/RolesRepository.java", "Java", 9, 0, 0, 4, 13
"/media/Windows/Projects/facul-temp/PragJava/prag/src/main/java/com/antiprag/prag/repository/SchedulesRepository.java", "Java", 7, 0, 2, 5, 14
"/media/Windows/Projects/facul-temp/PragJava/prag/src/main/java/com/antiprag/prag/repository/ServicesRepository.java", "Java", 7, 0, 2, 4, 13
"/media/Windows/Projects/facul-temp/PragJava/prag/src/main/java/com/antiprag/prag/repository/StatusRepository.java", "Java", 7, 0, 2, 4, 13
"/media/Windows/Projects/facul-temp/PragJava/prag/src/main/java/com/antiprag/prag/repository/UsersRepository.java", "Java", 8, 0, 2, 3, 13
"/media/Windows/Projects/facul-temp/PragJava/prag/src/main/java/com/antiprag/prag/service/AuditLogService.java", "Java", 17, 0, 0, 5, 22
"/media/Windows/Projects/facul-temp/PragJava/prag/src/main/java/com/antiprag/prag/service/CustomerService.java", "Java", 44, 0, 0, 15, 59
"/media/Windows/Projects/facul-temp/PragJava/prag/src/main/java/com/antiprag/prag/service/HistoryService.java", "Java", 29, 0, 0, 11, 40
"/media/Windows/Projects/facul-temp/PragJava/prag/src/main/java/com/antiprag/prag/service/JWTService.java", "Java", 131, 0, 5, 38, 174
"/media/Windows/Projects/facul-temp/PragJava/prag/src/main/java/com/antiprag/prag/service/PlaguesService.java", "Java", 29, 0, 0, 11, 40
"/media/Windows/Projects/facul-temp/PragJava/prag/src/main/java/com/antiprag/prag/service/PrivilegeService.java", "Java", 0, 0, 39, 0, 39
"/media/Windows/Projects/facul-temp/PragJava/prag/src/main/java/com/antiprag/prag/service/PropertiesService.java", "Java", 41, 0, 1, 16, 58
"/media/Windows/Projects/facul-temp/PragJava/prag/src/main/java/com/antiprag/prag/service/RolesService.java", "Java", 29, 0, 0, 11, 40
"/media/Windows/Projects/facul-temp/PragJava/prag/src/main/java/com/antiprag/prag/service/SchedulesService.java", "Java", 44, 0, 0, 14, 58
"/media/Windows/Projects/facul-temp/PragJava/prag/src/main/java/com/antiprag/prag/service/ServicesService.java", "Java", 29, 0, 0, 11, 40
"/media/Windows/Projects/facul-temp/PragJava/prag/src/main/java/com/antiprag/prag/service/StatusService.java", "Java", 29, 0, 0, 11, 40
"/media/Windows/Projects/facul-temp/PragJava/prag/src/main/java/com/antiprag/prag/service/UsersService.java", "Java", 66, 0, 0, 22, 88
"/media/Windows/Projects/facul-temp/PragJava/prag/src/main/java/com/antiprag/prag/service/UsuarioDetailService.java", "Java", 47, 0, 0, 10, 57
"Total", "-", 2264, 184, 282, 601, 3331